{

    "saPSO":{
        "ID": 110,
        "POPSIZE": 120,
        "STOP": {
            "MAXFE": 20000,
            "MAXITER": 500,
            "MAXTIME": 36000,
            "MAXERROR": 0.001,
            "MEANERROR": 0.02
        },
        "SEED": 11111
    },
    "fSDE": {
        "ID": 110,
        "POPSIZE": 20,
        "STOP": {
            "MAXFE": 20000,
            "MAXITER": 500,
            "MAXTIME": 36000,
            "MAXERROR": 0.001,
            "MEANERROR": 0.02
        },
        "SEED": 11111
    },

    "DE":{
        "ID": 110,
        "POPSIZE": 50,
        "STOP": {
            "MAXFE": 20000,
            "MAXITER": 500,
            "MAXTIME": 36000,
            "MAXERROR": 0.001,
            "MEANERROR": 0.02
        },
        "SEED": 11111
    }
}
